"Qty";"Value";"Device";"Package";"Parts";"Description";"";
"4";"";"CONN_023.5MM";"SCREWTERMINAL-3.5MM-2";"J1, J2, J3, J4";"Multi connection point. Often used as Generic Header-pin footprint for 0.1 inch spaced/style header connections";"";
"1";"";"CONN_06POLAR";"MOLEX-1X6";"J5";"Multi connection point. Often used as Generic Header-pin footprint for 0.1 inch spaced/style header connections";"";
"1";"100nF";"C-USC0603K";"C0603K";"C8";"CAPACITOR, American symbol";"";
"1";"10uF";"C-USC0603K";"C0603K";"C12";"CAPACITOR, American symbol";"";
"1";"150K";"R-US_R0603";"R0603";"R6";"RESISTOR, American symbol";"";
"1";"1K";"R-US_R0603";"R0603";"R7";"RESISTOR, American symbol";"";
"2";"1uF";"C-USC0603K";"C0603K";"C7, C9";"CAPACITOR, American symbol";"";
"1";"22nF";"C-USC0603K";"C0603K";"C13";"CAPACITOR, American symbol";"";
"1";"390E";"R-US_R0603";"R0603";"R5";"RESISTOR, American symbol";"";
"2";"4.7uF";"C-USC0603K";"C0603K";"C3, C6";"CAPACITOR, American symbol";"";
"1";"74HC4052D";"74HC4052D";"SOIC127P600X175-16N";"IC5";"Dual 4-channel analog multiplexer/demultiplexer";"";
"1";"LMC555";"NE555DR";"SOIC127P600X175-8N";"IC1";"Single Precision Timer";"";
"1";"RT9193-33GB";"RT9193-33GB";"SOT94P279X130-5N";"IC2";"300mA, Ultra-Low Noise, Ultra-Fast CMOS LDO Regulator";"";
